"","PassengerId","Pclass","Sex","Age","SibSp","Parch","Fare","Embarked","Survived"
"1",1,3,"male",22,1,0,7.25,"S",0
"2",2,1,"female",38,1,0,71.2833,"C",1
"3",3,3,"female",26,0,0,7.925,"S",1
"4",4,1,"female",35,1,0,53.1,"S",1
"5",5,3,"male",35,0,0,8.05,"S",0
"6",6,3,"male",NA,0,0,8.4583,"Q",NA
"7",7,1,"male",54,0,0,51.8625,"S",0
"8",8,3,"male",2,3,1,21.075,"S",0
"9",9,3,"female",27,0,2,11.1333,"S",0
"10",10,2,"female",14,1,0,30.0708,"C",1
"11",11,3,"female",4,1,1,16.7,"S",1
"12",12,1,"female",58,0,0,26.55,"S",1
"13",13,3,"male",20,0,0,8.05,"S",0
"14",14,3,"male",39,1,5,31.275,"S",0
"15",15,3,"female",14,0,0,7.8542,"S",1
"16",16,2,"female",55,0,0,16,"S",1
"17",17,3,"male",2,4,1,29.125,"Q",0
"18",18,2,"male",NA,0,0,13,"S",NA
"19",19,3,"female",31,1,0,18,"S",0
"20",20,3,"female",NA,0,0,7.225,"C",NA
"21",21,2,"male",35,0,0,26,"S",0
"22",22,2,"male",34,0,0,13,"S",0
"23",23,3,"female",15,0,0,8.0292,"Q",1
"24",24,1,"male",28,0,0,35.5,"S",0
"25",25,3,"female",8,3,1,21.075,"S",0
"26",26,3,"female",38,1,5,31.3875,"S",0
"27",27,3,"male",NA,0,0,7.225,"C",NA
"28",28,1,"male",19,3,2,263,"S",0
"29",29,3,"female",NA,0,0,7.8792,"Q",NA
"30",30,3,"male",NA,0,0,7.8958,"S",NA
"31",31,1,"male",40,0,0,27.7208,"C",0
"32",32,1,"female",NA,1,0,146.5208,"C",NA
"33",33,3,"female",NA,0,0,7.75,"Q",NA
"34",34,2,"male",66,0,0,10.5,"S",0
"35",35,1,"male",28,1,0,82.1708,"C",0
"36",36,1,"male",42,1,0,52,"S",0
"37",37,3,"male",NA,0,0,7.2292,"C",NA
"38",38,3,"male",21,0,0,8.05,"S",0
"39",39,3,"female",18,2,0,18,"S",0
"40",40,3,"female",14,1,0,11.2417,"C",1
"41",41,3,"female",40,1,0,9.475,"S",0
"42",42,2,"female",27,1,0,21,"S",1
"43",43,3,"male",NA,0,0,7.8958,"C",NA
"44",44,2,"female",3,1,2,41.5792,"C",1
"45",45,3,"female",19,0,0,7.8792,"Q",1
"46",46,3,"male",NA,0,0,8.05,"S",NA
"47",47,3,"male",NA,1,0,15.5,"Q",NA
"48",48,3,"female",NA,0,0,7.75,"Q",NA
"49",49,3,"male",NA,2,0,21.6792,"C",NA
"50",50,3,"female",18,1,0,17.8,"S",1
"51",51,3,"male",7,4,1,39.6875,"S",0
"52",52,3,"male",21,0,0,7.8,"S",0
"53",53,1,"female",49,1,0,76.7292,"C",1
"54",54,2,"female",29,1,0,26,"S",1
"55",55,1,"male",65,0,1,61.9792,"C",0
"56",56,1,"male",NA,0,0,35.5,"S",NA
"57",57,2,"female",21,0,0,10.5,"S",1
"58",58,3,"male",28.5,0,0,7.2292,"C",0
"59",59,2,"female",5,1,2,27.75,"S",1
"60",60,3,"male",11,5,2,46.9,"S",0
"61",61,3,"male",22,0,0,7.2292,"C",0
"62",62,1,"female",38,0,0,80,"",1
"63",63,1,"male",45,1,0,83.475,"S",0
"64",64,3,"male",4,3,2,27.9,"S",0
"65",65,1,"male",NA,0,0,27.7208,"C",NA
"66",66,3,"male",NA,1,1,15.2458,"C",NA
"67",67,2,"female",29,0,0,10.5,"S",1
"68",68,3,"male",19,0,0,8.1583,"S",0
"69",69,3,"female",17,4,2,7.925,"S",0
"70",70,3,"male",26,2,0,8.6625,"S",0
"71",71,2,"male",32,0,0,10.5,"S",0
"72",72,3,"female",16,5,2,46.9,"S",0
"73",73,2,"male",21,0,0,73.5,"S",0
"74",74,3,"male",26,1,0,14.4542,"C",0
"75",75,3,"male",32,0,0,56.4958,"S",0
"76",76,3,"male",25,0,0,7.65,"S",0
"77",77,3,"male",NA,0,0,7.8958,"S",NA
"78",78,3,"male",NA,0,0,8.05,"S",NA
"79",79,2,"male",0.83,0,2,29,"S",0
"80",80,3,"female",30,0,0,12.475,"S",0
"81",81,3,"male",22,0,0,9,"S",0
"82",82,3,"male",29,0,0,9.5,"S",0
"83",83,3,"female",NA,0,0,7.7875,"Q",NA
"84",84,1,"male",28,0,0,47.1,"S",0
"85",85,2,"female",17,0,0,10.5,"S",1
"86",86,3,"female",33,3,0,15.85,"S",0
"87",87,3,"male",16,1,3,34.375,"S",0
"88",88,3,"male",NA,0,0,8.05,"S",NA
"89",89,1,"female",23,3,2,263,"S",1
"90",90,3,"male",24,0,0,8.05,"S",0
"91",91,3,"male",29,0,0,8.05,"S",0
"92",92,3,"male",20,0,0,7.8542,"S",0
"93",93,1,"male",46,1,0,61.175,"S",0
"94",94,3,"male",26,1,2,20.575,"S",0
"95",95,3,"male",59,0,0,7.25,"S",0
"96",96,3,"male",NA,0,0,8.05,"S",NA
"97",97,1,"male",71,0,0,34.6542,"C",0
"98",98,1,"male",23,0,1,63.3583,"C",1
"99",99,2,"female",34,0,1,23,"S",1
"100",100,2,"male",34,1,0,26,"S",0
"101",101,3,"female",28,0,0,7.8958,"S",0
"102",102,3,"male",NA,0,0,7.8958,"S",NA
"103",103,1,"male",21,0,1,77.2875,"S",0
"104",104,3,"male",33,0,0,8.6542,"S",0
"105",105,3,"male",37,2,0,7.925,"S",0
"106",106,3,"male",28,0,0,7.8958,"S",0
"107",107,3,"female",21,0,0,7.65,"S",1
"108",108,3,"male",NA,0,0,7.775,"S",NA
"109",109,3,"male",38,0,0,7.8958,"S",0
"110",110,3,"female",NA,1,0,24.15,"Q",NA
"111",111,1,"male",47,0,0,52,"S",0
"112",112,3,"female",14.5,1,0,14.4542,"C",1
"113",113,3,"male",22,0,0,8.05,"S",0
"114",114,3,"female",20,1,0,9.825,"S",0
"115",115,3,"female",17,0,0,14.4583,"C",1
"116",116,3,"male",21,0,0,7.925,"S",0
"117",117,3,"male",70.5,0,0,7.75,"Q",0
"118",118,2,"male",29,1,0,21,"S",0
"119",119,1,"male",24,0,1,247.5208,"C",1
"120",120,3,"female",2,4,2,31.275,"S",0
"121",121,2,"male",21,2,0,73.5,"S",0
"122",122,3,"male",NA,0,0,8.05,"S",NA
"123",123,2,"male",32.5,1,0,30.0708,"C",0
"124",124,2,"female",32.5,0,0,13,"S",1
"125",125,1,"male",54,0,1,77.2875,"S",0
"126",126,3,"male",12,1,0,11.2417,"C",0
"127",127,3,"male",NA,0,0,7.75,"Q",NA
"128",128,3,"male",24,0,0,7.1417,"S",0
"129",129,3,"female",NA,1,1,22.3583,"C",NA
"130",130,3,"male",45,0,0,6.975,"S",0
"131",131,3,"male",33,0,0,7.8958,"C",0
"132",132,3,"male",20,0,0,7.05,"S",0
"133",133,3,"female",47,1,0,14.5,"S",0
"134",134,2,"female",29,1,0,26,"S",1
"135",135,2,"male",25,0,0,13,"S",0
"136",136,2,"male",23,0,0,15.0458,"C",0
"137",137,1,"female",19,0,2,26.2833,"S",1
"138",138,1,"male",37,1,0,53.1,"S",0
"139",139,3,"male",16,0,0,9.2167,"S",0
"140",140,1,"male",24,0,0,79.2,"C",1
"141",141,3,"female",NA,0,2,15.2458,"C",NA
"142",142,3,"female",22,0,0,7.75,"S",1
"143",143,3,"female",24,1,0,15.85,"S",0
"144",144,3,"male",19,0,0,6.75,"Q",0
"145",145,2,"male",18,0,0,11.5,"S",0
"146",146,2,"male",19,1,1,36.75,"S",0
"147",147,3,"male",27,0,0,7.7958,"S",0
"148",148,3,"female",9,2,2,34.375,"S",0
"149",149,2,"male",36.5,0,2,26,"S",0
"150",150,2,"male",42,0,0,13,"S",0
"151",151,2,"male",51,0,0,12.525,"S",0
"152",152,1,"female",22,1,0,66.6,"S",1
"153",153,3,"male",55.5,0,0,8.05,"S",0
"154",154,3,"male",40.5,0,2,14.5,"S",0
"155",155,3,"male",NA,0,0,7.3125,"S",NA
"156",156,1,"male",51,0,1,61.3792,"C",0
"157",157,3,"female",16,0,0,7.7333,"Q",1
"158",158,3,"male",30,0,0,8.05,"S",0
"159",159,3,"male",NA,0,0,8.6625,"S",NA
"160",160,3,"male",NA,8,2,69.55,"S",NA
"161",161,3,"male",44,0,1,16.1,"S",0
"162",162,2,"female",40,0,0,15.75,"S",1
"163",163,3,"male",26,0,0,7.775,"S",0
"164",164,3,"male",17,0,0,8.6625,"S",0
"165",165,3,"male",1,4,1,39.6875,"S",0
"166",166,3,"male",9,0,2,20.525,"S",0
"167",167,1,"female",NA,0,1,55,"S",NA
"168",168,3,"female",45,1,4,27.9,"S",0
"169",169,1,"male",NA,0,0,25.925,"S",NA
"170",170,3,"male",28,0,0,56.4958,"S",0
"171",171,1,"male",61,0,0,33.5,"S",0
"172",172,3,"male",4,4,1,29.125,"Q",0
"173",173,3,"female",1,1,1,11.1333,"S",1
"174",174,3,"male",21,0,0,7.925,"S",0
"175",175,1,"male",56,0,0,30.6958,"C",0
"176",176,3,"male",18,1,1,7.8542,"S",0
"177",177,3,"male",NA,3,1,25.4667,"S",NA
"178",178,1,"female",50,0,0,28.7125,"C",1
"179",179,2,"male",30,0,0,13,"S",0
"180",180,3,"male",36,0,0,0,"S",0
"181",181,3,"female",NA,8,2,69.55,"S",NA
"182",182,2,"male",NA,0,0,15.05,"C",NA
"183",183,3,"male",9,4,2,31.3875,"S",0
"184",184,2,"male",1,2,1,39,"S",0
"185",185,3,"female",4,0,2,22.025,"S",1
"186",186,1,"male",NA,0,0,50,"S",NA
"187",187,3,"female",NA,1,0,15.5,"Q",NA
"188",188,1,"male",45,0,0,26.55,"S",0
"189",189,3,"male",40,1,1,15.5,"Q",0
"190",190,3,"male",36,0,0,7.8958,"S",0
"191",191,2,"female",32,0,0,13,"S",1
"192",192,2,"male",19,0,0,13,"S",0
"193",193,3,"female",19,1,0,7.8542,"S",0
"194",194,2,"male",3,1,1,26,"S",0
"195",195,1,"female",44,0,0,27.7208,"C",1
"196",196,1,"female",58,0,0,146.5208,"C",1
"197",197,3,"male",NA,0,0,7.75,"Q",NA
"198",198,3,"male",42,0,1,8.4042,"S",0
"199",199,3,"female",NA,0,0,7.75,"Q",NA
"200",200,2,"female",24,0,0,13,"S",1
"201",201,3,"male",28,0,0,9.5,"S",0
"202",202,3,"male",NA,8,2,69.55,"S",NA
"203",203,3,"male",34,0,0,6.4958,"S",0
"204",204,3,"male",45.5,0,0,7.225,"C",0
"205",205,3,"male",18,0,0,8.05,"S",0
"206",206,3,"female",2,0,1,10.4625,"S",1
"207",207,3,"male",32,1,0,15.85,"S",0
"208",208,3,"male",26,0,0,18.7875,"C",0
"209",209,3,"female",16,0,0,7.75,"Q",1
"210",210,1,"male",40,0,0,31,"C",0
"211",211,3,"male",24,0,0,7.05,"S",0
"212",212,2,"female",35,0,0,21,"S",1
"213",213,3,"male",22,0,0,7.25,"S",0
"214",214,2,"male",30,0,0,13,"S",0
"215",215,3,"male",NA,1,0,7.75,"Q",NA
"216",216,1,"female",31,1,0,113.275,"C",1
"217",217,3,"female",27,0,0,7.925,"S",1
"218",218,2,"male",42,1,0,27,"S",0
"219",219,1,"female",32,0,0,76.2917,"C",1
"220",220,2,"male",30,0,0,10.5,"S",0
"221",221,3,"male",16,0,0,8.05,"S",0
"222",222,2,"male",27,0,0,13,"S",0
"223",223,3,"male",51,0,0,8.05,"S",0
"224",224,3,"male",NA,0,0,7.8958,"S",NA
"225",225,1,"male",38,1,0,90,"S",0
"226",226,3,"male",22,0,0,9.35,"S",0
"227",227,2,"male",19,0,0,10.5,"S",0
"228",228,3,"male",20.5,0,0,7.25,"S",0
"229",229,2,"male",18,0,0,13,"S",0
"230",230,3,"female",NA,3,1,25.4667,"S",NA
"231",231,1,"female",35,1,0,83.475,"S",1
"232",232,3,"male",29,0,0,7.775,"S",0
"233",233,2,"male",59,0,0,13.5,"S",0
"234",234,3,"female",5,4,2,31.3875,"S",0
"235",235,2,"male",24,0,0,10.5,"S",0
"236",236,3,"female",NA,0,0,7.55,"S",NA
"237",237,2,"male",44,1,0,26,"S",0
"238",238,2,"female",8,0,2,26.25,"S",1
"239",239,2,"male",19,0,0,10.5,"S",0
"240",240,2,"male",33,0,0,12.275,"S",0
"241",241,3,"female",NA,1,0,14.4542,"C",NA
"242",242,3,"female",NA,1,0,15.5,"Q",NA
"243",243,2,"male",29,0,0,10.5,"S",0
"244",244,3,"male",22,0,0,7.125,"S",0
"245",245,3,"male",30,0,0,7.225,"C",0
"246",246,1,"male",44,2,0,90,"Q",0
"247",247,3,"female",25,0,0,7.775,"S",1
"248",248,2,"female",24,0,2,14.5,"S",1
"249",249,1,"male",37,1,1,52.5542,"S",0
"250",250,2,"male",54,1,0,26,"S",0
"251",251,3,"male",NA,0,0,7.25,"S",NA
"252",252,3,"female",29,1,1,10.4625,"S",0
"253",253,1,"male",62,0,0,26.55,"S",0
"254",254,3,"male",30,1,0,16.1,"S",0
"255",255,3,"female",41,0,2,20.2125,"S",0
"256",256,3,"female",29,0,2,15.2458,"C",1
"257",257,1,"female",NA,0,0,79.2,"C",NA
"258",258,1,"female",30,0,0,86.5,"S",1
"259",259,1,"female",35,0,0,512.3292,"C",1
"260",260,2,"female",50,0,1,26,"S",1
"261",261,3,"male",NA,0,0,7.75,"Q",NA
"262",262,3,"male",3,4,2,31.3875,"S",0
"263",263,1,"male",52,1,1,79.65,"S",0
"264",264,1,"male",40,0,0,0,"S",0
"265",265,3,"female",NA,0,0,7.75,"Q",NA
"266",266,2,"male",36,0,0,10.5,"S",0
"267",267,3,"male",16,4,1,39.6875,"S",0
"268",268,3,"male",25,1,0,7.775,"S",0
"269",269,1,"female",58,0,1,153.4625,"S",1
"270",270,1,"female",35,0,0,135.6333,"S",1
"271",271,1,"male",NA,0,0,31,"S",NA
"272",272,3,"male",25,0,0,0,"S",0
"273",273,2,"female",41,0,1,19.5,"S",1
"274",274,1,"male",37,0,1,29.7,"C",0
"275",275,3,"female",NA,0,0,7.75,"Q",NA
"276",276,1,"female",63,1,0,77.9583,"S",1
"277",277,3,"female",45,0,0,7.75,"S",0
"278",278,2,"male",NA,0,0,0,"S",NA
"279",279,3,"male",7,4,1,29.125,"Q",0
"280",280,3,"female",35,1,1,20.25,"S",0
"281",281,3,"male",65,0,0,7.75,"Q",0
"282",282,3,"male",28,0,0,7.8542,"S",0
"283",283,3,"male",16,0,0,9.5,"S",0
"284",284,3,"male",19,0,0,8.05,"S",0
"285",285,1,"male",NA,0,0,26,"S",NA
"286",286,3,"male",33,0,0,8.6625,"C",0
"287",287,3,"male",30,0,0,9.5,"S",0
"288",288,3,"male",22,0,0,7.8958,"S",0
"289",289,2,"male",42,0,0,13,"S",0
"290",290,3,"female",22,0,0,7.75,"Q",1
"291",291,1,"female",26,0,0,78.85,"S",1
"292",292,1,"female",19,1,0,91.0792,"C",1
"293",293,2,"male",36,0,0,12.875,"C",0
"294",294,3,"female",24,0,0,8.85,"S",1
"295",295,3,"male",24,0,0,7.8958,"S",0
"296",296,1,"male",NA,0,0,27.7208,"C",NA
"297",297,3,"male",23.5,0,0,7.2292,"C",0
"298",298,1,"female",2,1,2,151.55,"S",1
"299",299,1,"male",NA,0,0,30.5,"S",NA
"300",300,1,"female",50,0,1,247.5208,"C",1
"301",301,3,"female",NA,0,0,7.75,"Q",NA
"302",302,3,"male",NA,2,0,23.25,"Q",NA
"303",303,3,"male",19,0,0,0,"S",0
"304",304,2,"female",NA,0,0,12.35,"Q",NA
"305",305,3,"male",NA,0,0,8.05,"S",NA
"306",306,1,"male",0.92,1,2,151.55,"S",1
"307",307,1,"female",NA,0,0,110.8833,"C",NA
"308",308,1,"female",17,1,0,108.9,"C",1
"309",309,2,"male",30,1,0,24,"C",0
"310",310,1,"female",30,0,0,56.9292,"C",1
"311",311,1,"female",24,0,0,83.1583,"C",1
"312",312,1,"female",18,2,2,262.375,"C",1
"313",313,2,"female",26,1,1,26,"S",1
"314",314,3,"male",28,0,0,7.8958,"S",0
"315",315,2,"male",43,1,1,26.25,"S",0
"316",316,3,"female",26,0,0,7.8542,"S",1
"317",317,2,"female",24,1,0,26,"S",1
"318",318,2,"male",54,0,0,14,"S",0
"319",319,1,"female",31,0,2,164.8667,"S",1
"320",320,1,"female",40,1,1,134.5,"C",1
"321",321,3,"male",22,0,0,7.25,"S",0
"322",322,3,"male",27,0,0,7.8958,"S",0
"323",323,2,"female",30,0,0,12.35,"Q",1
"324",324,2,"female",22,1,1,29,"S",1
"325",325,3,"male",NA,8,2,69.55,"S",NA
"326",326,1,"female",36,0,0,135.6333,"C",1
"327",327,3,"male",61,0,0,6.2375,"S",0
"328",328,2,"female",36,0,0,13,"S",1
"329",329,3,"female",31,1,1,20.525,"S",0
"330",330,1,"female",16,0,1,57.9792,"C",1
"331",331,3,"female",NA,2,0,23.25,"Q",NA
"332",332,1,"male",45.5,0,0,28.5,"S",0
"333",333,1,"male",38,0,1,153.4625,"S",0
"334",334,3,"male",16,2,0,18,"S",0
"335",335,1,"female",NA,1,0,133.65,"S",NA
"336",336,3,"male",NA,0,0,7.8958,"S",NA
"337",337,1,"male",29,1,0,66.6,"S",0
"338",338,1,"female",41,0,0,134.5,"C",1
"339",339,3,"male",45,0,0,8.05,"S",0
"340",340,1,"male",45,0,0,35.5,"S",0
"341",341,2,"male",2,1,1,26,"S",0
"342",342,1,"female",24,3,2,263,"S",1
"343",343,2,"male",28,0,0,13,"S",0
"344",344,2,"male",25,0,0,13,"S",0
"345",345,2,"male",36,0,0,13,"S",0
"346",346,2,"female",24,0,0,13,"S",1
"347",347,2,"female",40,0,0,13,"S",1
"348",348,3,"female",NA,1,0,16.1,"S",NA
"349",349,3,"male",3,1,1,15.9,"S",0
"350",350,3,"male",42,0,0,8.6625,"S",0
"351",351,3,"male",23,0,0,9.225,"S",0
"352",352,1,"male",NA,0,0,35,"S",NA
"353",353,3,"male",15,1,1,7.2292,"C",0
"354",354,3,"male",25,1,0,17.8,"S",0
"355",355,3,"male",NA,0,0,7.225,"C",NA
"356",356,3,"male",28,0,0,9.5,"S",0
"357",357,1,"female",22,0,1,55,"S",1
"358",358,2,"female",38,0,0,13,"S",1
"359",359,3,"female",NA,0,0,7.8792,"Q",NA
"360",360,3,"female",NA,0,0,7.8792,"Q",NA
"361",361,3,"male",40,1,4,27.9,"S",0
"362",362,2,"male",29,1,0,27.7208,"C",0
"363",363,3,"female",45,0,1,14.4542,"C",0
"364",364,3,"male",35,0,0,7.05,"S",0
"365",365,3,"male",NA,1,0,15.5,"Q",NA
"366",366,3,"male",30,0,0,7.25,"S",0
"367",367,1,"female",60,1,0,75.25,"C",1
"368",368,3,"female",NA,0,0,7.2292,"C",NA
"369",369,3,"female",NA,0,0,7.75,"Q",NA
"370",370,1,"female",24,0,0,69.3,"C",1
"371",371,1,"male",25,1,0,55.4417,"C",0
"372",372,3,"male",18,1,0,6.4958,"S",0
"373",373,3,"male",19,0,0,8.05,"S",0
"374",374,1,"male",22,0,0,135.6333,"C",1
"375",375,3,"female",3,3,1,21.075,"S",0
"376",376,1,"female",NA,1,0,82.1708,"C",NA
"377",377,3,"female",22,0,0,7.25,"S",1
"378",378,1,"male",27,0,2,211.5,"C",1
"379",379,3,"male",20,0,0,4.0125,"C",0
"380",380,3,"male",19,0,0,7.775,"S",0
"381",381,1,"female",42,0,0,227.525,"C",1
"382",382,3,"female",1,0,2,15.7417,"C",1
"383",383,3,"male",32,0,0,7.925,"S",0
"384",384,1,"female",35,1,0,52,"S",1
"385",385,3,"male",NA,0,0,7.8958,"S",NA
"386",386,2,"male",18,0,0,73.5,"S",0
"387",387,3,"male",1,5,2,46.9,"S",0
"388",388,2,"female",36,0,0,13,"S",1
"389",389,3,"male",NA,0,0,7.7292,"Q",NA
"390",390,2,"female",17,0,0,12,"C",1
"391",391,1,"male",36,1,2,120,"S",0
"392",392,3,"male",21,0,0,7.7958,"S",0
"393",393,3,"male",28,2,0,7.925,"S",0
"394",394,1,"female",23,1,0,113.275,"C",1
"395",395,3,"female",24,0,2,16.7,"S",0
"396",396,3,"male",22,0,0,7.7958,"S",0
"397",397,3,"female",31,0,0,7.8542,"S",0
"398",398,2,"male",46,0,0,26,"S",0
"399",399,2,"male",23,0,0,10.5,"S",0
"400",400,2,"female",28,0,0,12.65,"S",1
"401",401,3,"male",39,0,0,7.925,"S",0
"402",402,3,"male",26,0,0,8.05,"S",0
"403",403,3,"female",21,1,0,9.825,"S",0
"404",404,3,"male",28,1,0,15.85,"S",0
"405",405,3,"female",20,0,0,8.6625,"S",1
"406",406,2,"male",34,1,0,21,"S",0
"407",407,3,"male",51,0,0,7.75,"S",0
"408",408,2,"male",3,1,1,18.75,"S",0
"409",409,3,"male",21,0,0,7.775,"S",0
"410",410,3,"female",NA,3,1,25.4667,"S",NA
"411",411,3,"male",NA,0,0,7.8958,"S",NA
"412",412,3,"male",NA,0,0,6.8583,"Q",NA
"413",413,1,"female",33,1,0,90,"Q",1
"414",414,2,"male",NA,0,0,0,"S",NA
"415",415,3,"male",44,0,0,7.925,"S",0
"416",416,3,"female",NA,0,0,8.05,"S",NA
"417",417,2,"female",34,1,1,32.5,"S",1
"418",418,2,"female",18,0,2,13,"S",1
"419",419,2,"male",30,0,0,13,"S",0
"420",420,3,"female",10,0,2,24.15,"S",1
"421",421,3,"male",NA,0,0,7.8958,"C",NA
"422",422,3,"male",21,0,0,7.7333,"Q",0
"423",423,3,"male",29,0,0,7.875,"S",0
"424",424,3,"female",28,1,1,14.4,"S",0
"425",425,3,"male",18,1,1,20.2125,"S",0
"426",426,3,"male",NA,0,0,7.25,"S",NA
"427",427,2,"female",28,1,0,26,"S",1
"428",428,2,"female",19,0,0,26,"S",1
"429",429,3,"male",NA,0,0,7.75,"Q",NA
"430",430,3,"male",32,0,0,8.05,"S",0
"431",431,1,"male",28,0,0,26.55,"S",0
"432",432,3,"female",NA,1,0,16.1,"S",NA
"433",433,2,"female",42,1,0,26,"S",1
"434",434,3,"male",17,0,0,7.125,"S",0
"435",435,1,"male",50,1,0,55.9,"S",0
"436",436,1,"female",14,1,2,120,"S",1
"437",437,3,"female",21,2,2,34.375,"S",0
"438",438,2,"female",24,2,3,18.75,"S",1
"439",439,1,"male",64,1,4,263,"S",0
"440",440,2,"male",31,0,0,10.5,"S",0
"441",441,2,"female",45,1,1,26.25,"S",1
"442",442,3,"male",20,0,0,9.5,"S",0
"443",443,3,"male",25,1,0,7.775,"S",0
"444",444,2,"female",28,0,0,13,"S",1
"445",445,3,"male",NA,0,0,8.1125,"S",NA
"446",446,1,"male",4,0,2,81.8583,"S",1
"447",447,2,"female",13,0,1,19.5,"S",1
"448",448,1,"male",34,0,0,26.55,"S",0
"449",449,3,"female",5,2,1,19.2583,"C",1
"450",450,1,"male",52,0,0,30.5,"S",0
"451",451,2,"male",36,1,2,27.75,"S",0
"452",452,3,"male",NA,1,0,19.9667,"S",NA
"453",453,1,"male",30,0,0,27.75,"C",0
"454",454,1,"male",49,1,0,89.1042,"C",0
"455",455,3,"male",NA,0,0,8.05,"S",NA
"456",456,3,"male",29,0,0,7.8958,"C",0
"457",457,1,"male",65,0,0,26.55,"S",0
"458",458,1,"female",NA,1,0,51.8625,"S",NA
"459",459,2,"female",50,0,0,10.5,"S",1
"460",460,3,"male",NA,0,0,7.75,"Q",NA
"461",461,1,"male",48,0,0,26.55,"S",0
"462",462,3,"male",34,0,0,8.05,"S",0
"463",463,1,"male",47,0,0,38.5,"S",0
"464",464,2,"male",48,0,0,13,"S",0
"465",465,3,"male",NA,0,0,8.05,"S",NA
"466",466,3,"male",38,0,0,7.05,"S",0
"467",467,2,"male",NA,0,0,0,"S",NA
"468",468,1,"male",56,0,0,26.55,"S",0
"469",469,3,"male",NA,0,0,7.725,"Q",NA
"470",470,3,"female",0.75,2,1,19.2583,"C",1
"471",471,3,"male",NA,0,0,7.25,"S",NA
"472",472,3,"male",38,0,0,8.6625,"S",0
"473",473,2,"female",33,1,2,27.75,"S",1
"474",474,2,"female",23,0,0,13.7917,"C",1
"475",475,3,"female",22,0,0,9.8375,"S",1
"476",476,1,"male",NA,0,0,52,"S",NA
"477",477,2,"male",34,1,0,21,"S",0
"478",478,3,"male",29,1,0,7.0458,"S",0
"479",479,3,"male",22,0,0,7.5208,"S",0
"480",480,3,"female",2,0,1,12.2875,"S",1
"481",481,3,"male",9,5,2,46.9,"S",0
"482",482,2,"male",NA,0,0,0,"S",NA
"483",483,3,"male",50,0,0,8.05,"S",0
"484",484,3,"female",63,0,0,9.5875,"S",0
"485",485,1,"male",25,1,0,91.0792,"C",0
"486",486,3,"female",NA,3,1,25.4667,"S",NA
"487",487,1,"female",35,1,0,90,"S",1
"488",488,1,"male",58,0,0,29.7,"C",0
"489",489,3,"male",30,0,0,8.05,"S",0
"490",490,3,"male",9,1,1,15.9,"S",0
"491",491,3,"male",NA,1,0,19.9667,"S",NA
"492",492,3,"male",21,0,0,7.25,"S",0
"493",493,1,"male",55,0,0,30.5,"S",0
"494",494,1,"male",71,0,0,49.5042,"C",0
"495",495,3,"male",21,0,0,8.05,"S",0
"496",496,3,"male",NA,0,0,14.4583,"C",NA
"497",497,1,"female",54,1,0,78.2667,"C",1
"498",498,3,"male",NA,0,0,15.1,"S",NA
"499",499,1,"female",25,1,2,151.55,"S",1
"500",500,3,"male",24,0,0,7.7958,"S",0
"501",501,3,"male",17,0,0,8.6625,"S",0
"502",502,3,"female",21,0,0,7.75,"Q",1
"503",503,3,"female",NA,0,0,7.6292,"Q",NA
"504",504,3,"female",37,0,0,9.5875,"S",0
"505",505,1,"female",16,0,0,86.5,"S",1
"506",506,1,"male",18,1,0,108.9,"C",1
"507",507,2,"female",33,0,2,26,"S",1
"508",508,1,"male",NA,0,0,26.55,"S",NA
"509",509,3,"male",28,0,0,22.525,"S",0
"510",510,3,"male",26,0,0,56.4958,"S",0
"511",511,3,"male",29,0,0,7.75,"Q",0
"512",512,3,"male",NA,0,0,8.05,"S",NA
"513",513,1,"male",36,0,0,26.2875,"S",0
"514",514,1,"female",54,1,0,59.4,"C",1
"515",515,3,"male",24,0,0,7.4958,"S",0
"516",516,1,"male",47,0,0,34.0208,"S",0
"517",517,2,"female",34,0,0,10.5,"S",1
"518",518,3,"male",NA,0,0,24.15,"Q",NA
"519",519,2,"female",36,1,0,26,"S",1
"520",520,3,"male",32,0,0,7.8958,"S",0
"521",521,1,"female",30,0,0,93.5,"S",1
"522",522,3,"male",22,0,0,7.8958,"S",0
"523",523,3,"male",NA,0,0,7.225,"C",NA
"524",524,1,"female",44,0,1,57.9792,"C",1
"525",525,3,"male",NA,0,0,7.2292,"C",NA
"526",526,3,"male",40.5,0,0,7.75,"Q",0
"527",527,2,"female",50,0,0,10.5,"S",1
"528",528,1,"male",NA,0,0,221.7792,"S",NA
"529",529,3,"male",39,0,0,7.925,"S",0
"530",530,2,"male",23,2,1,11.5,"S",0
"531",531,2,"female",2,1,1,26,"S",1
"532",532,3,"male",NA,0,0,7.2292,"C",NA
"533",533,3,"male",17,1,1,7.2292,"C",0
"534",534,3,"female",NA,0,2,22.3583,"C",NA
"535",535,3,"female",30,0,0,8.6625,"S",0
"536",536,2,"female",7,0,2,26.25,"S",1
"537",537,1,"male",45,0,0,26.55,"S",0
"538",538,1,"female",30,0,0,106.425,"C",1
"539",539,3,"male",NA,0,0,14.5,"S",NA
"540",540,1,"female",22,0,2,49.5,"C",1
"541",541,1,"female",36,0,2,71,"S",1
"542",542,3,"female",9,4,2,31.275,"S",0
"543",543,3,"female",11,4,2,31.275,"S",0
"544",544,2,"male",32,1,0,26,"S",0
"545",545,1,"male",50,1,0,106.425,"C",0
"546",546,1,"male",64,0,0,26,"S",0
"547",547,2,"female",19,1,0,26,"S",1
"548",548,2,"male",NA,0,0,13.8625,"C",NA
"549",549,3,"male",33,1,1,20.525,"S",0
"550",550,2,"male",8,1,1,36.75,"S",0
"551",551,1,"male",17,0,2,110.8833,"C",1
"552",552,2,"male",27,0,0,26,"S",0
"553",553,3,"male",NA,0,0,7.8292,"Q",NA
"554",554,3,"male",22,0,0,7.225,"C",0
"555",555,3,"female",22,0,0,7.775,"S",1
"556",556,1,"male",62,0,0,26.55,"S",0
"557",557,1,"female",48,1,0,39.6,"C",1
"558",558,1,"male",NA,0,0,227.525,"C",NA
"559",559,1,"female",39,1,1,79.65,"S",1
"560",560,3,"female",36,1,0,17.4,"S",0
"561",561,3,"male",NA,0,0,7.75,"Q",NA
"562",562,3,"male",40,0,0,7.8958,"S",0
"563",563,2,"male",28,0,0,13.5,"S",0
"564",564,3,"male",NA,0,0,8.05,"S",NA
"565",565,3,"female",NA,0,0,8.05,"S",NA
"566",566,3,"male",24,2,0,24.15,"S",0
"567",567,3,"male",19,0,0,7.8958,"S",0
"568",568,3,"female",29,0,4,21.075,"S",0
"569",569,3,"male",NA,0,0,7.2292,"C",NA
"570",570,3,"male",32,0,0,7.8542,"S",0
"571",571,2,"male",62,0,0,10.5,"S",0
"572",572,1,"female",53,2,0,51.4792,"S",1
"573",573,1,"male",36,0,0,26.3875,"S",0
"574",574,3,"female",NA,0,0,7.75,"Q",NA
"575",575,3,"male",16,0,0,8.05,"S",0
"576",576,3,"male",19,0,0,14.5,"S",0
"577",577,2,"female",34,0,0,13,"S",1
"578",578,1,"female",39,1,0,55.9,"S",1
"579",579,3,"female",NA,1,0,14.4583,"C",NA
"580",580,3,"male",32,0,0,7.925,"S",0
"581",581,2,"female",25,1,1,30,"S",1
"582",582,1,"female",39,1,1,110.8833,"C",1
"583",583,2,"male",54,0,0,26,"S",0
"584",584,1,"male",36,0,0,40.125,"C",0
"585",585,3,"male",NA,0,0,8.7125,"C",NA
"586",586,1,"female",18,0,2,79.65,"S",1
"587",587,2,"male",47,0,0,15,"S",0
"588",588,1,"male",60,1,1,79.2,"C",0
"589",589,3,"male",22,0,0,8.05,"S",0
"590",590,3,"male",NA,0,0,8.05,"S",NA
"591",591,3,"male",35,0,0,7.125,"S",0
"592",592,1,"female",52,1,0,78.2667,"C",1
"593",593,3,"male",47,0,0,7.25,"S",0
"594",594,3,"female",NA,0,2,7.75,"Q",NA
"595",595,2,"male",37,1,0,26,"S",0
"596",596,3,"male",36,1,1,24.15,"S",0
"597",597,2,"female",NA,0,0,33,"S",NA
"598",598,3,"male",49,0,0,0,"S",0
"599",599,3,"male",NA,0,0,7.225,"C",NA
"600",600,1,"male",49,1,0,56.9292,"C",0
"601",601,2,"female",24,2,1,27,"S",1
"602",602,3,"male",NA,0,0,7.8958,"S",NA
"603",603,1,"male",NA,0,0,42.4,"S",NA
"604",604,3,"male",44,0,0,8.05,"S",0
"605",605,1,"male",35,0,0,26.55,"C",0
"606",606,3,"male",36,1,0,15.55,"S",0
"607",607,3,"male",30,0,0,7.8958,"S",0
"608",608,1,"male",27,0,0,30.5,"S",0
"609",609,2,"female",22,1,2,41.5792,"C",1
"610",610,1,"female",40,0,0,153.4625,"S",1
"611",611,3,"female",39,1,5,31.275,"S",0
"612",612,3,"male",NA,0,0,7.05,"S",NA
"613",613,3,"female",NA,1,0,15.5,"Q",NA
"614",614,3,"male",NA,0,0,7.75,"Q",NA
"615",615,3,"male",35,0,0,8.05,"S",0
"616",616,2,"female",24,1,2,65,"S",1
"617",617,3,"male",34,1,1,14.4,"S",0
"618",618,3,"female",26,1,0,16.1,"S",0
"619",619,2,"female",4,2,1,39,"S",1
"620",620,2,"male",26,0,0,10.5,"S",0
"621",621,3,"male",27,1,0,14.4542,"C",0
"622",622,1,"male",42,1,0,52.5542,"S",0
"623",623,3,"male",20,1,1,15.7417,"C",0
"624",624,3,"male",21,0,0,7.8542,"S",0
"625",625,3,"male",21,0,0,16.1,"S",0
"626",626,1,"male",61,0,0,32.3208,"S",0
"627",627,2,"male",57,0,0,12.35,"Q",0
"628",628,1,"female",21,0,0,77.9583,"S",1
"629",629,3,"male",26,0,0,7.8958,"S",0
"630",630,3,"male",NA,0,0,7.7333,"Q",NA
"631",631,1,"male",80,0,0,30,"S",0
"632",632,3,"male",51,0,0,7.0542,"S",0
"633",633,1,"male",32,0,0,30.5,"C",0
"634",634,1,"male",NA,0,0,0,"S",NA
"635",635,3,"female",9,3,2,27.9,"S",0
"636",636,2,"female",28,0,0,13,"S",1
"637",637,3,"male",32,0,0,7.925,"S",0
"638",638,2,"male",31,1,1,26.25,"S",0
"639",639,3,"female",41,0,5,39.6875,"S",0
"640",640,3,"male",NA,1,0,16.1,"S",NA
"641",641,3,"male",20,0,0,7.8542,"S",0
"642",642,1,"female",24,0,0,69.3,"C",1
"643",643,3,"female",2,3,2,27.9,"S",0
"644",644,3,"male",NA,0,0,56.4958,"S",NA
"645",645,3,"female",0.75,2,1,19.2583,"C",1
"646",646,1,"male",48,1,0,76.7292,"C",0
"647",647,3,"male",19,0,0,7.8958,"S",0
"648",648,1,"male",56,0,0,35.5,"C",0
"649",649,3,"male",NA,0,0,7.55,"S",NA
"650",650,3,"female",23,0,0,7.55,"S",1
"651",651,3,"male",NA,0,0,7.8958,"S",NA
"652",652,2,"female",18,0,1,23,"S",1
"653",653,3,"male",21,0,0,8.4333,"S",0
"654",654,3,"female",NA,0,0,7.8292,"Q",NA
"655",655,3,"female",18,0,0,6.75,"Q",1
"656",656,2,"male",24,2,0,73.5,"S",0
"657",657,3,"male",NA,0,0,7.8958,"S",NA
"658",658,3,"female",32,1,1,15.5,"Q",0
"659",659,2,"male",23,0,0,13,"S",0
"660",660,1,"male",58,0,2,113.275,"C",0
"661",661,1,"male",50,2,0,133.65,"S",0
"662",662,3,"male",40,0,0,7.225,"C",0
"663",663,1,"male",47,0,0,25.5875,"S",0
"664",664,3,"male",36,0,0,7.4958,"S",0
"665",665,3,"male",20,1,0,7.925,"S",0
"666",666,2,"male",32,2,0,73.5,"S",0
"667",667,2,"male",25,0,0,13,"S",0
"668",668,3,"male",NA,0,0,7.775,"S",NA
"669",669,3,"male",43,0,0,8.05,"S",0
"670",670,1,"female",NA,1,0,52,"S",NA
"671",671,2,"female",40,1,1,39,"S",1
"672",672,1,"male",31,1,0,52,"S",0
"673",673,2,"male",70,0,0,10.5,"S",0
"674",674,2,"male",31,0,0,13,"S",0
"675",675,2,"male",NA,0,0,0,"S",NA
"676",676,3,"male",18,0,0,7.775,"S",0
"677",677,3,"male",24.5,0,0,8.05,"S",0
"678",678,3,"female",18,0,0,9.8417,"S",1
"679",679,3,"female",43,1,6,46.9,"S",0
"680",680,1,"male",36,0,1,512.3292,"C",1
"681",681,3,"female",NA,0,0,8.1375,"Q",NA
"682",682,1,"male",27,0,0,76.7292,"C",1
"683",683,3,"male",20,0,0,9.225,"S",0
"684",684,3,"male",14,5,2,46.9,"S",0
"685",685,2,"male",60,1,1,39,"S",0
"686",686,2,"male",25,1,2,41.5792,"C",0
"687",687,3,"male",14,4,1,39.6875,"S",0
"688",688,3,"male",19,0,0,10.1708,"S",0
"689",689,3,"male",18,0,0,7.7958,"S",0
"690",690,1,"female",15,0,1,211.3375,"S",1
"691",691,1,"male",31,1,0,57,"S",0
"692",692,3,"female",4,0,1,13.4167,"C",1
"693",693,3,"male",NA,0,0,56.4958,"S",NA
"694",694,3,"male",25,0,0,7.225,"C",0
"695",695,1,"male",60,0,0,26.55,"S",0
"696",696,2,"male",52,0,0,13.5,"S",0
"697",697,3,"male",44,0,0,8.05,"S",0
"698",698,3,"female",NA,0,0,7.7333,"Q",NA
"699",699,1,"male",49,1,1,110.8833,"C",0
"700",700,3,"male",42,0,0,7.65,"S",0
"701",701,1,"female",18,1,0,227.525,"C",1
"702",702,1,"male",35,0,0,26.2875,"S",0
"703",703,3,"female",18,0,1,14.4542,"C",1
"704",704,3,"male",25,0,0,7.7417,"Q",0
"705",705,3,"male",26,1,0,7.8542,"S",0
"706",706,2,"male",39,0,0,26,"S",0
"707",707,2,"female",45,0,0,13.5,"S",1
"708",708,1,"male",42,0,0,26.2875,"S",0
"709",709,1,"female",22,0,0,151.55,"S",1
"710",710,3,"male",NA,1,1,15.2458,"C",NA
"711",711,1,"female",24,0,0,49.5042,"C",1
"712",712,1,"male",NA,0,0,26.55,"S",NA
"713",713,1,"male",48,1,0,52,"S",0
"714",714,3,"male",29,0,0,9.4833,"S",0
"715",715,2,"male",52,0,0,13,"S",0
"716",716,3,"male",19,0,0,7.65,"S",0
"717",717,1,"female",38,0,0,227.525,"C",1
"718",718,2,"female",27,0,0,10.5,"S",1
"719",719,3,"male",NA,0,0,15.5,"Q",NA
"720",720,3,"male",33,0,0,7.775,"S",0
"721",721,2,"female",6,0,1,33,"S",1
"722",722,3,"male",17,1,0,7.0542,"S",0
"723",723,2,"male",34,0,0,13,"S",0
"724",724,2,"male",50,0,0,13,"S",0
"725",725,1,"male",27,1,0,53.1,"S",0
"726",726,3,"male",20,0,0,8.6625,"S",0
"727",727,2,"female",30,3,0,21,"S",1
"728",728,3,"female",NA,0,0,7.7375,"Q",NA
"729",729,2,"male",25,1,0,26,"S",0
"730",730,3,"female",25,1,0,7.925,"S",0
"731",731,1,"female",29,0,0,211.3375,"S",1
"732",732,3,"male",11,0,0,18.7875,"C",0
"733",733,2,"male",NA,0,0,0,"S",NA
"734",734,2,"male",23,0,0,13,"S",0
"735",735,2,"male",23,0,0,13,"S",0
"736",736,3,"male",28.5,0,0,16.1,"S",0
"737",737,3,"female",48,1,3,34.375,"S",0
"738",738,1,"male",35,0,0,512.3292,"C",1
"739",739,3,"male",NA,0,0,7.8958,"S",NA
"740",740,3,"male",NA,0,0,7.8958,"S",NA
"741",741,1,"male",NA,0,0,30,"S",NA
"742",742,1,"male",36,1,0,78.85,"S",0
"743",743,1,"female",21,2,2,262.375,"C",1
"744",744,3,"male",24,1,0,16.1,"S",0
"745",745,3,"male",31,0,0,7.925,"S",0
"746",746,1,"male",70,1,1,71,"S",0
"747",747,3,"male",16,1,1,20.25,"S",0
"748",748,2,"female",30,0,0,13,"S",1
"749",749,1,"male",19,1,0,53.1,"S",0
"750",750,3,"male",31,0,0,7.75,"Q",0
"751",751,2,"female",4,1,1,23,"S",1
"752",752,3,"male",6,0,1,12.475,"S",0
"753",753,3,"male",33,0,0,9.5,"S",0
"754",754,3,"male",23,0,0,7.8958,"S",0
"755",755,2,"female",48,1,2,65,"S",0
"756",756,2,"male",0.67,1,1,14.5,"S",0
"757",757,3,"male",28,0,0,7.7958,"S",0
"758",758,2,"male",18,0,0,11.5,"S",0
"759",759,3,"male",34,0,0,8.05,"S",0
"760",760,1,"female",33,0,0,86.5,"S",1
"761",761,3,"male",NA,0,0,14.5,"S",NA
"762",762,3,"male",41,0,0,7.125,"S",0
"763",763,3,"male",20,0,0,7.2292,"C",0
"764",764,1,"female",36,1,2,120,"S",1
"765",765,3,"male",16,0,0,7.775,"S",0
"766",766,1,"female",51,1,0,77.9583,"S",1
"767",767,1,"male",NA,0,0,39.6,"C",NA
"768",768,3,"female",30.5,0,0,7.75,"Q",1
"769",769,3,"male",NA,1,0,24.15,"Q",NA
"770",770,3,"male",32,0,0,8.3625,"S",0
"771",771,3,"male",24,0,0,9.5,"S",0
"772",772,3,"male",48,0,0,7.8542,"S",0
"773",773,2,"female",57,0,0,10.5,"S",0
"774",774,3,"male",NA,0,0,7.225,"C",NA
"775",775,2,"female",54,1,3,23,"S",0
"776",776,3,"male",18,0,0,7.75,"S",0
"777",777,3,"male",NA,0,0,7.75,"Q",NA
"778",778,3,"female",5,0,0,12.475,"S",1
"779",779,3,"male",NA,0,0,7.7375,"Q",NA
"780",780,1,"female",43,0,1,211.3375,"S",1
"781",781,3,"female",13,0,0,7.2292,"C",1
"782",782,1,"female",17,1,0,57,"S",1
"783",783,1,"male",29,0,0,30,"S",0
"784",784,3,"male",NA,1,2,23.45,"S",NA
"785",785,3,"male",25,0,0,7.05,"S",0
"786",786,3,"male",25,0,0,7.25,"S",0
"787",787,3,"female",18,0,0,7.4958,"S",1
"788",788,3,"male",8,4,1,29.125,"Q",0
"789",789,3,"male",1,1,2,20.575,"S",0
"790",790,1,"male",46,0,0,79.2,"C",0
"791",791,3,"male",NA,0,0,7.75,"Q",NA
"792",792,2,"male",16,0,0,26,"S",0
"793",793,3,"female",NA,8,2,69.55,"S",NA
"794",794,1,"male",NA,0,0,30.6958,"C",NA
"795",795,3,"male",25,0,0,7.8958,"S",0
"796",796,2,"male",39,0,0,13,"S",0
"797",797,1,"female",49,0,0,25.9292,"S",1
"798",798,3,"female",31,0,0,8.6833,"S",0
"799",799,3,"male",30,0,0,7.2292,"C",0
"800",800,3,"female",30,1,1,24.15,"S",0
"801",801,2,"male",34,0,0,13,"S",0
"802",802,2,"female",31,1,1,26.25,"S",1
"803",803,1,"male",11,1,2,120,"S",0
"804",804,3,"male",0.42,0,1,8.5167,"C",0
"805",805,3,"male",27,0,0,6.975,"S",0
"806",806,3,"male",31,0,0,7.775,"S",0
"807",807,1,"male",39,0,0,0,"S",0
"808",808,3,"female",18,0,0,7.775,"S",1
"809",809,2,"male",39,0,0,13,"S",0
"810",810,1,"female",33,1,0,53.1,"S",1
"811",811,3,"male",26,0,0,7.8875,"S",0
"812",812,3,"male",39,0,0,24.15,"S",0
"813",813,2,"male",35,0,0,10.5,"S",0
"814",814,3,"female",6,4,2,31.275,"S",0
"815",815,3,"male",30.5,0,0,8.05,"S",0
"816",816,1,"male",NA,0,0,0,"S",NA
"817",817,3,"female",23,0,0,7.925,"S",1
"818",818,2,"male",31,1,1,37.0042,"C",0
"819",819,3,"male",43,0,0,6.45,"S",0
"820",820,3,"male",10,3,2,27.9,"S",0
"821",821,1,"female",52,1,1,93.5,"S",1
"822",822,3,"male",27,0,0,8.6625,"S",0
"823",823,1,"male",38,0,0,0,"S",0
"824",824,3,"female",27,0,1,12.475,"S",0
"825",825,3,"male",2,4,1,39.6875,"S",0
"826",826,3,"male",NA,0,0,6.95,"Q",NA
"827",827,3,"male",NA,0,0,56.4958,"S",NA
"828",828,2,"male",1,0,2,37.0042,"C",0
"829",829,3,"male",NA,0,0,7.75,"Q",NA
"830",830,1,"female",62,0,0,80,"",1
"831",831,3,"female",15,1,0,14.4542,"C",1
"832",832,2,"male",0.83,1,1,18.75,"S",0
"833",833,3,"male",NA,0,0,7.2292,"C",NA
"834",834,3,"male",23,0,0,7.8542,"S",0
"835",835,3,"male",18,0,0,8.3,"S",0
"836",836,1,"female",39,1,1,83.1583,"C",1
"837",837,3,"male",21,0,0,8.6625,"S",0
"838",838,3,"male",NA,0,0,8.05,"S",NA
"839",839,3,"male",32,0,0,56.4958,"S",0
"840",840,1,"male",NA,0,0,29.7,"C",NA
"841",841,3,"male",20,0,0,7.925,"S",0
"842",842,2,"male",16,0,0,10.5,"S",0
"843",843,1,"female",30,0,0,31,"C",1
"844",844,3,"male",34.5,0,0,6.4375,"C",0
"845",845,3,"male",17,0,0,8.6625,"S",0
"846",846,3,"male",42,0,0,7.55,"S",0
"847",847,3,"male",NA,8,2,69.55,"S",NA
"848",848,3,"male",35,0,0,7.8958,"C",0
"849",849,2,"male",28,0,1,33,"S",0
"850",850,1,"female",NA,1,0,89.1042,"C",NA
"851",851,3,"male",4,4,2,31.275,"S",0
"852",852,3,"male",74,0,0,7.775,"S",0
"853",853,3,"female",9,1,1,15.2458,"C",1
"854",854,1,"female",16,0,1,39.4,"S",1
"855",855,2,"female",44,1,0,26,"S",1
"856",856,3,"female",18,0,1,9.35,"S",1
"857",857,1,"female",45,1,1,164.8667,"S",1
"858",858,1,"male",51,0,0,26.55,"S",0
"859",859,3,"female",24,0,3,19.2583,"C",1
"860",860,3,"male",NA,0,0,7.2292,"C",NA
"861",861,3,"male",41,2,0,14.1083,"S",0
"862",862,2,"male",21,1,0,11.5,"S",0
"863",863,1,"female",48,0,0,25.9292,"S",1
"864",864,3,"female",NA,8,2,69.55,"S",NA
"865",865,2,"male",24,0,0,13,"S",0
"866",866,2,"female",42,0,0,13,"S",1
"867",867,2,"female",27,1,0,13.8583,"C",1
"868",868,1,"male",31,0,0,50.4958,"S",0
"869",869,3,"male",NA,0,0,9.5,"S",NA
"870",870,3,"male",4,1,1,11.1333,"S",0
"871",871,3,"male",26,0,0,7.8958,"S",0
"872",872,1,"female",47,1,1,52.5542,"S",1
"873",873,1,"male",33,0,0,5,"S",0
"874",874,3,"male",47,0,0,9,"S",0
"875",875,2,"female",28,1,0,24,"C",1
"876",876,3,"female",15,0,0,7.225,"C",1
"877",877,3,"male",20,0,0,9.8458,"S",0
"878",878,3,"male",19,0,0,7.8958,"S",0
"879",879,3,"male",NA,0,0,7.8958,"S",NA
"880",880,1,"female",56,0,1,83.1583,"C",1
"881",881,2,"female",25,0,1,26,"S",1
"882",882,3,"male",33,0,0,7.8958,"S",0
"883",883,3,"female",22,0,0,10.5167,"S",1
"884",884,2,"male",28,0,0,10.5,"S",0
"885",885,3,"male",25,0,0,7.05,"S",0
"886",886,3,"female",39,0,5,29.125,"Q",0
"887",887,2,"male",27,0,0,13,"S",0
"888",888,1,"female",19,0,0,30,"S",1
"889",889,3,"female",NA,1,2,23.45,"S",NA
"890",890,1,"male",26,0,0,30,"C",0
"891",891,3,"male",32,0,0,7.75,"Q",0
